task_name,s_time,e_time,diff_time,seconds
LOAD,2015-12-0518:35:53.345127,2015-12-0518:35:53.612834,,0.267707000
PERF.POWER,2015-12-0518:36:00.203627,2015-12-0518:36:09.157831,,8.954204000
PERF.POWER.RF1,2015-12-0518:36:00.215638,2015-12-0518:36:05.191290,,4.975652000
PERF.POWER.Q14,2015-12-0518:36:05.211288,2015-12-0518:36:05.444409,,0.233121000
PERF.POWER.Q2,2015-12-0518:36:05.465080,2015-12-0518:36:05.683314,,0.218234000
PERF.POWER.Q9,2015-12-0518:36:05.704155,2015-12-0518:36:05.916097,,0.211942000
PERF.POWER.Q20,2015-12-0518:36:05.936714,2015-12-0518:36:06.146063,,0.209349000
PERF.POWER.Q6,2015-12-0518:36:06.166627,2015-12-0518:36:06.376268,,0.209641000
PERF.POWER.Q17,2015-12-0518:36:06.396895,2015-12-0518:36:06.590424,,0.193529000
PERF.POWER.Q18,2015-12-0518:36:06.608896,2015-12-0518:36:06.766421,,0.157525000
PERF.POWER.Q8,2015-12-0518:36:06.784795,2015-12-0518:36:06.954996,,0.170201000
PERF.POWER.Q21,2015-12-0518:36:06.973597,2015-12-0518:36:07.142359,,0.168762000
PERF.POWER.Q13,2015-12-0518:36:07.161479,2015-12-0518:36:07.333633,,0.172154000
PERF.POWER.Q3,2015-12-0518:36:07.352891,2015-12-0518:36:07.525012,,0.172121000
PERF.POWER.Q22,2015-12-0518:36:07.544989,2015-12-0518:36:07.677117,,0.132128000
PERF.POWER.Q16,2015-12-0518:36:07.694349,2015-12-0518:36:07.824572,,0.130223000
PERF.POWER.Q4,2015-12-0518:36:07.841730,2015-12-0518:36:07.971387,,0.129657000
PERF.POWER.Q11,2015-12-0518:36:07.988720,2015-12-0518:36:08.109966,,0.121246000
PERF.POWER.Q15,2015-12-0518:36:08.126524,2015-12-0518:36:08.263152,,0.136628000
PERF.POWER.Q1,2015-12-0518:36:08.279868,2015-12-0518:36:08.397565,,0.117697000
PERF.POWER.Q10,2015-12-0518:36:08.414987,2015-12-0518:36:08.531485,,0.116498000
PERF.POWER.Q19,2015-12-0518:36:08.548378,2015-12-0518:36:08.665239,,0.116861000
PERF.POWER.Q5,2015-12-0518:36:08.681759,2015-12-0518:36:08.803243,,0.121484000
PERF.POWER.Q7,2015-12-0518:36:08.819785,2015-12-0518:36:08.941001,,0.121216000
PERF.POWER.Q12,2015-12-0518:36:08.957388,2015-12-0518:36:09.074018,,0.116630000
PERF.POWER.RF2,2015-12-0518:36:09.084170,2015-12-0518:36:09.147424,,.632540000
PERF.THRUPUT,2015-12-0518:36:17.361637,2015-12-0518:36:29.315056,,11.953419000
PERF.THRUPUT.RFST1,2015-12-0518:36:18.556708,2015-12-0518:36:23.928363,,5.371655000
PERF.THRUPUT.RFST1.RF1,2015-12-0518:36:18.568510,2015-12-0518:36:23.793234,,5.224724000
PERF.THRUPUT.QS1.ALL,2015-12-0518:36:19.269375,2015-12-0518:36:24.212760,,4.943385000
PERF.THRUPUT.QS2.ALL,2015-12-0518:36:19.269510,2015-12-0518:36:24.003194,,4.733684000
PERF.THRUPUT.QS1.Q21,2015-12-0518:36:19.290042,2015-12-0518:36:19.511150,,0.221108000
PERF.THRUPUT.QS2.Q6,2015-12-0518:36:19.290182,2015-12-0518:36:19.509468,,0.219286000
PERF.THRUPUT.QS2.Q17,2015-12-0518:36:19.530038,2015-12-0518:36:19.743247,,0.213209000
PERF.THRUPUT.QS1.Q3,2015-12-0518:36:19.531853,2015-12-0518:36:19.744570,,0.212717000
PERF.THRUPUT.QS2.Q14,2015-12-0518:36:19.763782,2015-12-0518:36:19.976941,,0.213159000
PERF.THRUPUT.QS1.Q18,2015-12-0518:36:19.765463,2015-12-0518:36:19.978475,,0.213012000
PERF.THRUPUT.QS2.Q16,2015-12-0518:36:19.997217,2015-12-0518:36:20.203726,,0.206509000
PERF.THRUPUT.QS1.Q5,2015-12-0518:36:19.999001,2015-12-0518:36:20.211375,,0.212374000
PERF.THRUPUT.QS2.Q19,2015-12-0518:36:20.221724,2015-12-0518:36:20.372796,,0.151072000
PERF.THRUPUT.QS1.Q11,2015-12-0518:36:20.230994,2015-12-0518:36:20.443927,,0.212933000
PERF.THRUPUT.QS2.Q10,2015-12-0518:36:20.390625,2015-12-0518:36:20.539192,,0.148567000
PERF.THRUPUT.QS1.Q7,2015-12-0518:36:20.464302,2015-12-0518:36:20.676856,,0.212554000
PERF.THRUPUT.QS2.Q9,2015-12-0518:36:20.558644,2015-12-0518:36:20.708903,,0.150259000
PERF.THRUPUT.QS1.Q6,2015-12-0518:36:20.697118,2015-12-0518:36:20.907001,,0.209883000
PERF.THRUPUT.QS2.Q2,2015-12-0518:36:20.726654,2015-12-0518:36:20.890143,,0.163489000
PERF.THRUPUT.QS2.Q15,2015-12-0518:36:20.908043,2015-12-0518:36:21.080802,,0.172759000
PERF.THRUPUT.QS1.Q20,2015-12-0518:36:20.926847,2015-12-0518:36:21.140388,,0.213541000
PERF.THRUPUT.QS2.Q8,2015-12-0518:36:21.101055,2015-12-0518:36:21.327045,,0.225990000
PERF.THRUPUT.QS1.Q17,2015-12-0518:36:21.160358,2015-12-0518:36:21.369356,,0.208998000
PERF.THRUPUT.QS2.Q5,2015-12-0518:36:21.347428,2015-12-0518:36:21.562609,,0.215181000
PERF.THRUPUT.QS1.Q12,2015-12-0518:36:21.387060,2015-12-0518:36:21.596136,,0.209076000
PERF.THRUPUT.QS2.Q22,2015-12-0518:36:21.582849,2015-12-0518:36:21.791938,,0.209089000
PERF.THRUPUT.QS1.Q16,2015-12-0518:36:21.616282,2015-12-0518:36:21.824380,,0.208098000
PERF.THRUPUT.QS2.Q12,2015-12-0518:36:21.812127,2015-12-0518:36:22.024028,,0.211901000
PERF.THRUPUT.QS1.Q15,2015-12-0518:36:21.844656,2015-12-0518:36:22.070463,,0.225807000
PERF.THRUPUT.QS2.Q7,2015-12-0518:36:22.044430,2015-12-0518:36:22.210820,,0.166390000
PERF.THRUPUT.QS1.Q13,2015-12-0518:36:22.088931,2015-12-0518:36:22.245121,,0.156190000
PERF.THRUPUT.QS2.Q13,2015-12-0518:36:22.230901,2015-12-0518:36:22.441804,,0.210903000
PERF.THRUPUT.QS1.Q10,2015-12-0518:36:22.264803,2015-12-0518:36:22.475652,,0.210849000
PERF.THRUPUT.QS2.Q18,2015-12-0518:36:22.461595,2015-12-0518:36:22.673219,,0.211624000
PERF.THRUPUT.QS1.Q2,2015-12-0518:36:22.495382,2015-12-0518:36:22.720192,,0.224810000
PERF.THRUPUT.QS2.Q1,2015-12-0518:36:22.693587,2015-12-0518:36:22.906552,,0.212965000
PERF.THRUPUT.QS1.Q8,2015-12-0518:36:22.740740,2015-12-0518:36:22.965143,,0.224403000
PERF.THRUPUT.QS2.Q4,2015-12-0518:36:22.926880,2015-12-0518:36:23.111119,,0.184239000
PERF.THRUPUT.QS1.Q14,2015-12-0518:36:22.985272,2015-12-0518:36:23.161290,,0.176018000
PERF.THRUPUT.QS2.Q20,2015-12-0518:36:23.129029,2015-12-0518:36:23.285336,,0.156307000
PERF.THRUPUT.QS1.Q19,2015-12-0518:36:23.179836,2015-12-0518:36:23.343779,,0.163943000
PERF.THRUPUT.QS2.Q3,2015-12-0518:36:23.303162,2015-12-0518:36:23.493771,,0.190609000
PERF.THRUPUT.QS1.Q9,2015-12-0518:36:23.360741,2015-12-0518:36:23.525253,,0.164512000
PERF.THRUPUT.QS2.Q11,2015-12-0518:36:23.511798,2015-12-0518:36:23.667117,,0.155319000
PERF.THRUPUT.QS1.Q22,2015-12-0518:36:23.546034,2015-12-0518:36:23.759142,,0.213108000
PERF.THRUPUT.QS2.Q21,2015-12-0518:36:23.682968,2015-12-0518:36:23.995193,,0.312225000
PERF.THRUPUT.QS1.Q1,2015-12-0518:36:23.776453,2015-12-0518:36:23.970150,,0.193697000
PERF.THRUPUT.RFST1.RF2,2015-12-0518:36:23.804581,2015-12-0518:36:23.919873,,0.115292000
PERF.THRUPUT.RFST2,2015-12-0518:36:23.938274,2015-12-0518:36:29.157824,,5.219550000
PERF.THRUPUT.RFST2.RF1,2015-12-0518:36:23.946533,2015-12-0518:36:28.992764,,5.046231000
PERF.THRUPUT.QS1.Q4,2015-12-0518:36:23.989416,2015-12-0518:36:24.200938,,0.211522000
PERF.THRUPUT.RFST2.RF2,2015-12-0518:36:29.006387,2015-12-0518:36:29.146057,,0.139670000
